id,Target
Test_0,208.082194032079
Test_1,212.63438729326117
Test_2,211.75780163937725
Test_3,205.41625490880793
Test_4,226.35831117399036
Test_5,211.39032801958479
Test_6,208.2742992411195
Test_7,212.9093085097348
Test_8,209.60384701265482
Test_9,216.14576918851515
Test_10,209.25895373934176
Test_11,211.01469598869355
Test_12,205.6042359832236
Test_13,219.5264845627432
Test_14,206.81945938903075
Test_15,201.45177767056273
Test_16,211.4634206058653
Test_17,198.35258503103196
Test_18,203.90856198498201
Test_19,221.44964051941972
Test_20,207.6191004485
Test_21,220.18650753323945
Test_22,214.84235809777397
Test_23,227.34957052625307
Test_24,208.431974690721
Test_25,206.92595474310187
Test_26,221.9172286706948
Test_27,207.16894003581527
Test_28,205.947475169278
Test_29,221.65864592972855
Test_30,201.10976712447956
Test_31,206.47341580963794
Test_32,201.8649857736814
Test_33,214.28727742345237
Test_34,204.0050005699336
Test_35,204.4889727717284
Test_36,204.27977790269293
Test_37,212.41730334011152
Test_38,211.61355059550746
Test_39,211.00084282637442
Test_40,208.562216036876
